url,final_url,local_path,content_type,bytes,sha256
https://www.rmod-k.com/images/RMOD-K_Bild.png,https://www.rmod-k.com/images/RMOD-K_Bild.png,references/rmod-k/site/assets/images__RMOD-K_Bild.png,image/png,238384,d8f795e751dc4c88d8e15fa1fe06b3a30be214f3e92ebd69c3990ec10d6715db
https://www.rmod-k.com/images/stories/media/downloads/TPL/TPL-THB-E.pdf,https://www.rmod-k.com/images/stories/media/downloads/TPL/TPL-THB-E.pdf,references/rmod-k/site/assets/images__stories__media__downloads__TPL__TPL-THB-E.pdf,application/pdf,1769665,80b152c2b6ccab47f1e1dd907eb1a337d96d3db91dadbb20a9a49ea8a8207b08
https://www.rmod-k.com/images/stories/media/pic/TPL/TPL3.jpg,https://www.rmod-k.com/images/stories/media/pic/TPL/TPL3.jpg,references/rmod-k/site/assets/images__stories__media__pic__TPL__TPL3.jpg,image/jpeg,260872,93652667ba960a272ffeee12eb1130ed0d23ea42a057ee295ac06394605e1b6c
https://www.rmod-k.com/images/stories/media/pic/TPL/TPL1.jpg,https://www.rmod-k.com/images/stories/media/pic/TPL/TPL1.jpg,references/rmod-k/site/assets/images__stories__media__pic__TPL__TPL1.jpg,image/jpeg,246903,7857b315f026d7b8fa0dc8cccc86b2162d4ad97634c3081b57dff69e0651833d
https://www.rmod-k.com/images/stories/media/pic/TPL/TPL2.jpg,https://www.rmod-k.com/images/stories/media/pic/TPL/TPL2.jpg,references/rmod-k/site/assets/images__stories__media__pic__TPL__TPL2.jpg,image/jpeg,275057,e80eb05e1e58c3680bf377ef621d0aeb0c5b3ebbd93f5025f2806c2e270b9651
https://www.rmod-k.com/images/stories/media/downloads/measurements/RMOD-K-V7-Measurement_Packages.pdf,https://www.rmod-k.com/images/stories/media/downloads/measurements/RMOD-K-V7-Measurement_Packages.pdf,references/rmod-k/site/assets/images__stories__media__downloads__measurements__RMOD-K-V7-Measurement_Packages.pdf,application/pdf,812197,3ae680da47145b2d69731db9101ad66111813ff9238b2ba2142374d2db61fc26
https://www.rmod-k.com/images/stories/media/downloads/measurements/RMOD-K-V7-Measurements-TDX_Format.pdf,https://www.rmod-k.com/images/stories/media/downloads/measurements/RMOD-K-V7-Measurements-TDX_Format.pdf,references/rmod-k/site/assets/images__stories__media__downloads__measurements__RMOD-K-V7-Measurements-TDX_Format.pdf,application/pdf,296907,8250d733d5a7204fd98c0952799eb4dd2bc9a5c4f169d0fdf2442922b65fc1d1
https://www.rmod-k.com/images/stories/media/pic/FB/image001.gif,https://www.rmod-k.com/images/stories/media/pic/FB/image001.gif,references/rmod-k/site/assets/images__stories__media__pic__FB__image001.gif,image/gif,8774,c54687fec5070d4b3b61288d435c5bac3a7c4a56160373bec4f6fcc0755a1db9
https://www.rmod-k.com/images/stories/media/pic/FB/image002.jpg,https://www.rmod-k.com/images/stories/media/pic/FB/image002.jpg,references/rmod-k/site/assets/images__stories__media__pic__FB__image002.jpg,image/jpeg,16848,f93defcfb432cb442a6625475db8f184fa5b3dec18d5e87bb10b19c978629572
https://www.rmod-k.com/images/stories/media/pic/FB/image003.jpg,https://www.rmod-k.com/images/stories/media/pic/FB/image003.jpg,references/rmod-k/site/assets/images__stories__media__pic__FB__image003.jpg,image/jpeg,46809,3ae6b7bb98fa31a6ef9767c3d844bafea52e2bb23308701dd05344ce8fa423ec
https://www.rmod-k.com/images/stories/media/pic/FB/ForceMomentsFu.jpg,https://www.rmod-k.com/images/stories/media/pic/FB/ForceMomentsFu.jpg,references/rmod-k/site/assets/images__stories__media__pic__FB__ForceMomentsFu.jpg,image/jpeg,29050,307952f5bf92d5268f2bc18751f1a8f4ecd4362c6be4d04832c3fbf028a19aa4
https://www.rmod-k.com/images/stories/media/pic/FB/ForceMomentsFs.jpg,https://www.rmod-k.com/images/stories/media/pic/FB/ForceMomentsFs.jpg,references/rmod-k/site/assets/images__stories__media__pic__FB__ForceMomentsFs.jpg,image/jpeg,28949,ee171e515733c1d21d7bc8dd1089a80c33e98044bacb417600f9408731707316
https://www.rmod-k.com/images/stories/media/pic/FB/3DFriction.jpg,https://www.rmod-k.com/images/stories/media/pic/FB/3DFriction.jpg,references/rmod-k/site/assets/images__stories__media__pic__FB__3DFriction.jpg,image/jpeg,29978,6c49f2c6c2806affd377726fa243e7ead8ac308ccca4e28e548e00d285333eb6
https://www.rmod-k.com/images/stories/media/pic/FB/CleatFz.jpg,https://www.rmod-k.com/images/stories/media/pic/FB/CleatFz.jpg,references/rmod-k/site/assets/images__stories__media__pic__FB__CleatFz.jpg,image/jpeg,27034,3f68d94288d065c5d3c24054384a6a9fdc1b5ac81e4aadeee45bb64cd91675dd
https://www.rmod-k.com/images/stories/media/pic/FB/CleatFx.jpg,https://www.rmod-k.com/images/stories/media/pic/FB/CleatFx.jpg,references/rmod-k/site/assets/images__stories__media__pic__FB__CleatFx.jpg,image/jpeg,29871,5cd979a9662653f0c29fe12cbeaec6e74b721472c42bc00772abc5fc0afbf9c8
https://www.rmod-k.com/images/stories/media/pic/FB/image010.gif,https://www.rmod-k.com/images/stories/media/pic/FB/image010.gif,references/rmod-k/site/assets/images__stories__media__pic__FB__image010.gif,image/gif,22481,68459bbb7c65403c7433ee4f3f56949f71471f564a9bec557ac5e9a34a03dcc9
https://www.rmod-k.com/images/stories/media/pic/misuse/image001.jpg,https://www.rmod-k.com/images/stories/media/pic/misuse/image001.jpg,references/rmod-k/site/assets/images__stories__media__pic__misuse__image001.jpg,image/jpeg,19101,00f448a75bba69ac6fadae8e33b75735bb8aeb5795c9afe74e4f16aa13f056aa
https://www.rmod-k.com/images/stories/media/pic/misuse/image002.jpg,https://www.rmod-k.com/images/stories/media/pic/misuse/image002.jpg,references/rmod-k/site/assets/images__stories__media__pic__misuse__image002.jpg,image/jpeg,38627,ae50dc21b897f9c9841b297c59d5eddd24c0f753bf521dc4606a9ecf31414d24
https://www.rmod-k.com/images/stories/media/pic/misuse/image003.jpg,https://www.rmod-k.com/images/stories/media/pic/misuse/image003.jpg,references/rmod-k/site/assets/images__stories__media__pic__misuse__image003.jpg,image/jpeg,11537,3935bfb34244ad9e2a36e33e9a7c7a352688ebf15b7884dbc6b72143d7ab6960
https://www.rmod-k.com/images/stories/media/pic/misuse/image006.jpg,https://www.rmod-k.com/images/stories/media/pic/misuse/image006.jpg,references/rmod-k/site/assets/images__stories__media__pic__misuse__image006.jpg,image/jpeg,8230,3c497ac83fb78bbdcea53ccaa613515e68399d23ebad7e7f12b736f6b33cca2b
https://www.rmod-k.com/images/stories/media/pic/misuse/image000.jpg,https://www.rmod-k.com/images/stories/media/pic/misuse/image000.jpg,references/rmod-k/site/assets/images__stories__media__pic__misuse__image000.jpg,image/jpeg,15164,9e08e415a59936e5c18622ea18643f91c531ead656b0718349f245c165ce0054
https://www.rmod-k.com/images/stories/media/pic/misuse/image008.jpg,https://www.rmod-k.com/images/stories/media/pic/misuse/image008.jpg,references/rmod-k/site/assets/images__stories__media__pic__misuse__image008.jpg,image/jpeg,24690,7f7b1ca66627ffb5e2fe15091e4e38d3d470e3fb910f203cd19d88f642490384
https://www.rmod-k.com/images/stories/media/pic/misuse/image009.jpg,https://www.rmod-k.com/images/stories/media/pic/misuse/image009.jpg,references/rmod-k/site/assets/images__stories__media__pic__misuse__image009.jpg,image/jpeg,15659,e21d70f4595069076dfa1a2e3b515edefd1ccc802f19fdd0c506e586600c787a
https://www.rmod-k.com/images/stories/media/pic/misuse/image010.jpg,https://www.rmod-k.com/images/stories/media/pic/misuse/image010.jpg,references/rmod-k/site/assets/images__stories__media__pic__misuse__image010.jpg,image/jpeg,19856,dd185e3b9e25a9fdea2b7e99f295413925b0171bc8c8afe49a205e22faaad098
https://www.rmod-k.com/images/stories/media/downloads/Formula/RMOD-K-Formula-Documentation.pdf,https://www.rmod-k.com/images/stories/media/downloads/Formula/RMOD-K-Formula-Documentation.pdf,references/rmod-k/site/assets/images__stories__media__downloads__Formula__RMOD-K-Formula-Documentation.pdf,application/pdf,3277047,39718b669a307d7ee81b9c7126dc71ee005d5a79fa15e6eaf0d0ca1c1bb89828
https://www.rmod-k.com/images/stories/media/downloads/Formula/Formula-C++VS2013.7z,https://www.rmod-k.com/images/stories/media/downloads/Formula/Formula-C++VS2013.7z,references/rmod-k/site/assets/images__stories__media__downloads__Formula__Formula-C_VS2013.7z,application/x-7z-compressed,4811840,d0ed58141c8cc80aa0efe1f07bed4f07283d488291559c3a885fb3beb0181cb0
https://www.rmod-k.com/images/stories/media/downloads/Formula/Formula-C++VS2017.7z,https://www.rmod-k.com/images/stories/media/downloads/Formula/Formula-C++VS2017.7z,references/rmod-k/site/assets/images__stories__media__downloads__Formula__Formula-C_VS2017.7z,application/x-7z-compressed,4932978,8e79d05ae202bf5972850875a160566446414ff00117f96a70a60a29c3074653
https://www.rmod-k.com/images/stories/media/pic/Formula/Formula0x.png,https://www.rmod-k.com/images/stories/media/pic/Formula/Formula0x.png,references/rmod-k/site/assets/images__stories__media__pic__Formula__Formula0x.png,image/png,13670,7a56cb98a9fe92648a7e0aa58cfc0ad319a012414677e32bf34e1448a3812013
https://www.rmod-k.com/images/stories/media/pic/RB/image001.gif,https://www.rmod-k.com/images/stories/media/pic/RB/image001.gif,references/rmod-k/site/assets/images__stories__media__pic__RB__image001.gif,image/gif,18021,eee2a884438dee7cf82e8145dc7c46b39dd76fc294eb663dc266e3d669a08e78
https://www.rmod-k.com/images/stories/media/pic/RB/table001.jpg,https://www.rmod-k.com/images/stories/media/pic/RB/table001.jpg,references/rmod-k/site/assets/images__stories__media__pic__RB__table001.jpg,image/jpeg,13842,2995fdafc57d40a97e92b2513cd30171bf3424e584ad36e6b79a15cb93296320
https://www.rmod-k.com/images/stories/media/pic/RB/image004.jpg,https://www.rmod-k.com/images/stories/media/pic/RB/image004.jpg,references/rmod-k/site/assets/images__stories__media__pic__RB__image004.jpg,image/jpeg,11017,7eb47508037a42d03d5aaeae29430aa99dc58109dad2fa8871daaef22b00d7af
https://www.rmod-k.com/images/stories/media/pic/RB/image006.gif,https://www.rmod-k.com/images/stories/media/pic/RB/image006.gif,references/rmod-k/site/assets/images__stories__media__pic__RB__image006.gif,image/gif,1572,0fdaec5c5891dd027681d9d0388629d5630ae8254fc84602e82800b532d06a9e
https://www.rmod-k.com/images/stories/media/pic/RB/image007.gif,https://www.rmod-k.com/images/stories/media/pic/RB/image007.gif,references/rmod-k/site/assets/images__stories__media__pic__RB__image007.gif,image/gif,16183,11060be4855d6d998f26751174fdafc19ec497cb9575eebbcfea2e769cb43843
https://www.rmod-k.com/images/stories/media/pic/RB/LongForceAni.jpg,https://www.rmod-k.com/images/stories/media/pic/RB/LongForceAni.jpg,references/rmod-k/site/assets/images__stories__media__pic__RB__LongForceAni.jpg,image/jpeg,25328,250b302f3d7a754bc830ae5ce466040a8893c172fc79c2345c2881578d3cde80
https://www.rmod-k.com/images/stories/media/pic/RB/DeltaFzCamber.jpg,https://www.rmod-k.com/images/stories/media/pic/RB/DeltaFzCamber.jpg,references/rmod-k/site/assets/images__stories__media__pic__RB__DeltaFzCamber.jpg,image/jpeg,35355,80f790cdb167d921d76dd3286d1c2013ae2532906c4e3080d72ba16c8d97e1fc
https://www.rmod-k.com/images/stories/media/downloads/Formula/formula.pdf,https://www.rmod-k.com/images/stories/media/downloads/Formula/formula.pdf,references/rmod-k/site/assets/images__stories__media__downloads__Formula__formula.pdf,application/pdf,2170280,8d07e6968a46be3d9839c8359dbea0e3e0d3945b6cd28dcc2573abf9ab4336ba
https://www.rmod-k.com/images/stories/media/downloads/measurements/Date_Measurement_Package_Request_Example.xlsx,https://www.rmod-k.com/images/stories/media/downloads/measurements/Date_Measurement_Package_Request_Example.xlsx,references/rmod-k/site/assets/images__stories__media__downloads__measurements__Date_Measurement_Package_Request_Example.xlsx,application/vnd.openxmlformats-officedocument.spreadsheetml.sheet,14803,96bd724c220d796e9217eba518f4188ec1589db44c03436daf9b554f4fcaf350
https://www.rmod-k.com/images/stories/media/downloads/FlexView_Animation_Rebars.swf,https://www.rmod-k.com/images/stories/media/downloads/FlexView_Animation_Rebars.swf,references/rmod-k/site/assets/images__stories__media__downloads__FlexView_Animation_Rebars.swf,application/vnd.adobe.flash.movie,3038026,75b1f5c8b5d623ec3b727332d28a56354dee1c5b17642e3a6fa28f1d34899099
https://www.rmod-k.com/robots.txt,https://www.rmod-k.com/robots.txt,references/rmod-k/site/assets/robots.txt,text/plain,882,003c762cd392e7c377ff5c39c42832f09d206a28a79aff436fa28395b498204d
