url,final_url,local_path,content_type,bytes,sha256,title
https://www.rmod-k.com/,https://www.rmod-k.com/,references/rmod-k/site/pages/index.html,text/html; charset=utf-8,14197,e3230a106ee52266a3a96a1fccf229562a0db96fac76cb49ea14ce6d6a6fd425,Overview
https://www.rmod-k.com/links,https://www.rmod-k.com/links,references/rmod-k/site/pages/links.html,text/html; charset=utf-8,13864,466dbb3411fa378263b94232a929c5c90060496240a4c9a0eb783be17c331bc4,Links
https://www.rmod-k.com/faqs,https://www.rmod-k.com/faqs,references/rmod-k/site/pages/faqs.html,text/html; charset=utf-8,17550,0a2a71c1ea098a6c8f5d51f1aaca9c47a521498f1b3fb3bb4711f71bdbb105e0,FAQs
https://www.rmod-k.com/find-us,https://www.rmod-k.com/find-us,references/rmod-k/site/pages/find-us.html,text/html; charset=utf-8,13795,86daf4206ac9c0d644e10f76cbd54faee0e615ee14c070c9477c8f6bf91368f8,Find Us
https://www.rmod-k.com/tyre-property-lab,https://www.rmod-k.com/tyre-property-lab,references/rmod-k/site/pages/tyre-property-lab.html,text/html; charset=utf-8,21232,14f42c641875647d5d43cf00679b8b54de78314554d7bf05e0716e6efaefd1b7,Tyre Property Lab - TPL
https://www.rmod-k.com/measurements,https://www.rmod-k.com/measurements,references/rmod-k/site/pages/measurements.html,text/html; charset=utf-8,17402,65b695eee7ffd0570b1f90703494537f0c3e706045e0b4e2a0be3b73f541f60a,Measurements
https://www.rmod-k.com/flexible-belt-fb,https://www.rmod-k.com/flexible-belt-fb,references/rmod-k/site/pages/flexible-belt-fb.html,text/html; charset=utf-8,25665,0d566c2399f0a735aaea49f4599394ba982d6df8d0af074c09fb7b4c44aac201,Flexible Belt (FB)
https://www.rmod-k.com/fb-misuse,https://www.rmod-k.com/fb-misuse,references/rmod-k/site/pages/fb-misuse.html,text/html; charset=utf-8,17792,c0f827002e1a79f021d01087c8977491e5010d1a14ca643d2a6a3d1a86fdb69c,FB Misuse
https://www.rmod-k.com/formula,https://www.rmod-k.com/formula,references/rmod-k/site/pages/formula.html,text/html; charset=utf-8,16469,fc439e471efc4729540645cb4124f18205974b237bce04d29e402eb505fefc17,Formula
https://www.rmod-k.com/rigid-belt-rb,https://www.rmod-k.com/rigid-belt-rb,references/rmod-k/site/pages/rigid-belt-rb.html,text/html; charset=utf-8,25419,5903b4b9c25668d5f1ad6ec8d3e3299a9e3caf0b03d6a5e93b6efe4a924f6df2,Rigid Belt (RB)
https://www.rmod-k.com/literature,https://www.rmod-k.com/literature,references/rmod-k/site/pages/literature.html,text/html; charset=utf-8,16850,49f3259c0dbbc6bd8af73809204df008c0fb61d6308fc4c10820a68aa05025ba,Literature
https://www.rmod-k.com/impressum,https://www.rmod-k.com/impressum,references/rmod-k/site/pages/impressum.html,text/html; charset=utf-8,14695,ea2fc0691e0a1c5012d1b560ea13cd120ff6378c38b4bc3d12c9dedbce72b311,Impressum
https://www.rmod-k.com/diclaimer,https://www.rmod-k.com/diclaimer,references/rmod-k/site/pages/diclaimer.html,text/html; charset=utf-8,15234,6128d844c39ae14ba12118d493bc14cab45260a4c37f1d8e8ab75ef7c349d3c5,Disclaimer
https://www.rmod-k.com/privacy-policy,https://www.rmod-k.com/privacy-policy,references/rmod-k/site/pages/privacy-policy.html,text/html; charset=utf-8,44686,0e54571f8f4569233a78562128680c4b62ba3e36651d87d307c26fbe98e386f0,Privacy Policy
https://www.rmod-k.com/2016-rmod-k-7,https://www.rmod-k.com/2016-rmod-k-7,references/rmod-k/site/pages/2016-rmod-k-7.html,text/html; charset=utf-8,14296,d2845eed9ad13e7611895ef7b00ccf89fcabee59839e326ebb671b5c33624b5b,Copyright
https://www.rmod-k.com/faqs/22-first-steps-to-use-the-rmod-k-flexview-animation-tool,https://www.rmod-k.com/faqs/22-first-steps-to-use-the-rmod-k-flexview-animation-tool,references/rmod-k/site/pages/faqs__22-first-steps-to-use-the-rmod-k-flexview-animation-tool.html,text/html; charset=utf-8,14586,421d2f3f2334d86512fa0415e50f30ac46e42afe5076872e230970d55b525e01,First Steps to use the RMOD-K FlexView Animation tool
https://www.rmod-k.com/faqs/20-advantages-of-the-rmod-k-login-user-area,https://www.rmod-k.com/faqs/20-advantages-of-the-rmod-k-login-user-area,references/rmod-k/site/pages/faqs__20-advantages-of-the-rmod-k-login-user-area.html,text/html; charset=utf-8,14505,cae82d8dfa64084167a9fe0a96abaa06983d0ab4d5fc0916f67515896b35e357,Advantages of the RMOD-K Login User area:
https://www.rmod-k.com/faqs/19-fb-simulationtstart-time-0-0-seconds,https://www.rmod-k.com/faqs/19-fb-simulationtstart-time-0-0-seconds,references/rmod-k/site/pages/faqs__19-fb-simulationtstart-time-0-0-seconds.html,text/html; charset=utf-8,14976,4213e6ca0621d786471c3e770dcdf713f6474eb2ad71b36e6fe106459b5b9c4a,FB SimulationTStart time > 0.0 seconds
https://www.rmod-k.com/faqs/18-fb-friction-3d-equidistant-velocity-axis-linear-log,https://www.rmod-k.com/faqs/18-fb-friction-3d-equidistant-velocity-axis-linear-log,references/rmod-k/site/pages/faqs__18-fb-friction-3d-equidistant-velocity-axis-linear-log.html,text/html; charset=utf-8,14898,123fd79754311e0a24c4ad98a3bf7cd1257fafd6a147cdee9f49434eb9a80d69,FB Friction 3D equidistant velocity axis (linear/log)
https://www.rmod-k.com/faqs/16-version-7-09c3-flexview,https://www.rmod-k.com/faqs/16-version-7-09c3-flexview,references/rmod-k/site/pages/faqs__16-version-7-09c3-flexview.html,text/html; charset=utf-8,14457,fd0086ee78f0683db809ba32447719f8f3b2771e1c8b55a0d2d15788a2d58254,Version 7.11a3.10FlexView
https://www.rmod-k.com/images/stories/media/downloads/FlexView_Animation_Rebars.htm,https://www.rmod-k.com/images/stories/media/downloads/FlexView_Animation_Rebars.htm,references/rmod-k/site/pages/images__stories__media__downloads__FlexView_Animation_Rebars.htm,text/html,652,3f5413bec13b61846561ff7ac4787d6e4565eb320a4159e8b9358d414c05e56b,
